{
  "chart": {
    "title": "Global tuberculosis incidence rate, by age",
    "subtitle": "Estimated annual number of new cases of [tuberculosis](#dod:tuberculosis) per 100,000 people in each age group.",
    "citation": "WHO (2023)",
    "originalChartUrl": "https://ourworldindata.org/grapher/global-tuberculosis-incidence-rate-by-age?v=1&csvType=full&useColumnShortNames=false",
    "selection": [
      "World"
    ]
  },
  "columns": {
    "Best estimate: Tuberculosis incidence rate in males and females aged 0-4 years": {
      "titleShort": "Tuberculosis incidence rate in males and females aged 0-4 years",
      "titleLong": "Tuberculosis incidence rate in males and females aged 0-4 years - best estimate",
      "descriptionShort": "The estimated incidence rate of tuberculosis cases in males and females aged 0-4 years, per 100,000 people..",
      "unit": "cases per 100,000 people",
      "timespan": "2022-2022",
      "type": "Numeric",
      "owidVariableId": 817291,
      "shortName": "best_rate__age_group_0_4__sex_a__risk_factor_all",
      "lastUpdated": "2023-11-27",
      "citationShort": "WHO (2023) – with major processing by Our World in Data",
      "citationLong": "WHO (2023) – with major processing by Our World in Data. “Tuberculosis incidence rate in males and females aged 0-4 years – best estimate” [dataset]. WHO, “Global Tuberculosis Report” [original data].",
      "fullMetadata": "https://api.ourworldindata.org/v1/indicators/817291.metadata.json"
    },
    "Best estimate: Tuberculosis incidence rate in males and females aged 5-14 years": {
      "titleShort": "Tuberculosis incidence rate in males and females aged 5-14 years",
      "titleLong": "Tuberculosis incidence rate in males and females aged 5-14 years - best estimate",
      "descriptionShort": "The estimated incidence rate of tuberculosis cases in males and females aged 5-14 years, per 100,000 people..",
      "unit": "cases per 100,000 people",
      "timespan": "2022-2022",
      "type": "Numeric",
      "owidVariableId": 817345,
      "shortName": "best_rate__age_group_5_14__sex_a__risk_factor_all",
      "lastUpdated": "2023-11-27",
      "citationShort": "WHO (2023) – with major processing by Our World in Data",
      "citationLong": "WHO (2023) – with major processing by Our World in Data. “Tuberculosis incidence rate in males and females aged 5-14 years – best estimate” [dataset]. WHO, “Global Tuberculosis Report” [original data].",
      "fullMetadata": "https://api.ourworldindata.org/v1/indicators/817345.metadata.json"
    },
    "Best estimate: Tuberculosis incidence rate in males and females aged 15-24 years": {
      "titleShort": "Tuberculosis incidence rate in males and females aged 15-24 years",
      "titleLong": "Tuberculosis incidence rate in males and females aged 15-24 years - best estimate",
      "descriptionShort": "The estimated incidence rate of tuberculosis cases in males and females aged 15-24 years, per 100,000 people..",
      "unit": "cases per 100,000 people",
      "timespan": "2022-2022",
      "type": "Numeric",
      "owidVariableId": 817300,
      "shortName": "best_rate__age_group_15_24__sex_a__risk_factor_all",
      "lastUpdated": "2023-11-27",
      "citationShort": "WHO (2023) – with major processing by Our World in Data",
      "citationLong": "WHO (2023) – with major processing by Our World in Data. “Tuberculosis incidence rate in males and females aged 15-24 years – best estimate” [dataset]. WHO, “Global Tuberculosis Report” [original data].",
      "fullMetadata": "https://api.ourworldindata.org/v1/indicators/817300.metadata.json"
    },
    "Best estimate: Tuberculosis incidence rate in males and females aged 25-34 years": {
      "titleShort": "Tuberculosis incidence rate in males and females aged 25-34 years",
      "titleLong": "Tuberculosis incidence rate in males and females aged 25-34 years - best estimate",
      "descriptionShort": "The estimated incidence rate of tuberculosis cases in males and females aged 25-34 years, per 100,000 people..",
      "unit": "cases per 100,000 people",
      "timespan": "2022-2022",
      "type": "Numeric",
      "owidVariableId": 817318,
      "shortName": "best_rate__age_group_25_34__sex_a__risk_factor_all",
      "lastUpdated": "2023-11-27",
      "citationShort": "WHO (2023) – with major processing by Our World in Data",
      "citationLong": "WHO (2023) – with major processing by Our World in Data. “Tuberculosis incidence rate in males and females aged 25-34 years – best estimate” [dataset]. WHO, “Global Tuberculosis Report” [original data].",
      "fullMetadata": "https://api.ourworldindata.org/v1/indicators/817318.metadata.json"
    },
    "Best estimate: Tuberculosis incidence rate in males and females aged 35-44 years": {
      "titleShort": "Tuberculosis incidence rate in males and females aged 35-44 years",
      "titleLong": "Tuberculosis incidence rate in males and females aged 35-44 years - best estimate",
      "descriptionShort": "The estimated incidence rate of tuberculosis cases in males and females aged 35-44 years, per 100,000 people..",
      "unit": "cases per 100,000 people",
      "timespan": "2022-2022",
      "type": "Numeric",
      "owidVariableId": 817327,
      "shortName": "best_rate__age_group_35_44__sex_a__risk_factor_all",
      "lastUpdated": "2023-11-27",
      "citationShort": "WHO (2023) – with major processing by Our World in Data",
      "citationLong": "WHO (2023) – with major processing by Our World in Data. “Tuberculosis incidence rate in males and females aged 35-44 years – best estimate” [dataset]. WHO, “Global Tuberculosis Report” [original data].",
      "fullMetadata": "https://api.ourworldindata.org/v1/indicators/817327.metadata.json"
    },
    "Best estimate: Tuberculosis incidence rate in males and females aged 45-54 years": {
      "titleShort": "Tuberculosis incidence rate in males and females aged 45-54 years",
      "titleLong": "Tuberculosis incidence rate in males and females aged 45-54 years - best estimate",
      "descriptionShort": "The estimated incidence rate of tuberculosis cases in males and females aged 45-54 years, per 100,000 people..",
      "unit": "cases per 100,000 people",
      "timespan": "2022-2022",
      "type": "Numeric",
      "owidVariableId": 817336,
      "shortName": "best_rate__age_group_45_54__sex_a__risk_factor_all",
      "lastUpdated": "2023-11-27",
      "citationShort": "WHO (2023) – with major processing by Our World in Data",
      "citationLong": "WHO (2023) – with major processing by Our World in Data. “Tuberculosis incidence rate in males and females aged 45-54 years – best estimate” [dataset]. WHO, “Global Tuberculosis Report” [original data].",
      "fullMetadata": "https://api.ourworldindata.org/v1/indicators/817336.metadata.json"
    },
    "Best estimate: Tuberculosis incidence rate in males and females aged 55-64 years": {
      "titleShort": "Tuberculosis incidence rate in males and females aged 55-64 years",
      "titleLong": "Tuberculosis incidence rate in males and females aged 55-64 years - best estimate",
      "descriptionShort": "The estimated incidence rate of tuberculosis cases in males and females aged 55-64 years, per 100,000 people..",
      "unit": "cases per 100,000 people",
      "timespan": "2022-2022",
      "type": "Numeric",
      "owidVariableId": 817354,
      "shortName": "best_rate__age_group_55_64__sex_a__risk_factor_all",
      "lastUpdated": "2023-11-27",
      "citationShort": "WHO (2023) – with major processing by Our World in Data",
      "citationLong": "WHO (2023) – with major processing by Our World in Data. “Tuberculosis incidence rate in males and females aged 55-64 years – best estimate” [dataset]. WHO, “Global Tuberculosis Report” [original data].",
      "fullMetadata": "https://api.ourworldindata.org/v1/indicators/817354.metadata.json"
    },
    "Best estimate: Tuberculosis incidence rate in males and females aged over 65 years": {
      "titleShort": "Tuberculosis incidence rate in males and females aged over 65 years",
      "titleLong": "Tuberculosis incidence rate in males and females aged over 65 years - best estimate",
      "descriptionShort": "The estimated incidence rate of tuberculosis cases in males and females aged over 65 years, per 100,000 people..",
      "unit": "cases per 100,000 people",
      "timespan": "2022-2022",
      "type": "Numeric",
      "owidVariableId": 817363,
      "shortName": "best_rate__age_group_65plus__sex_a__risk_factor_all",
      "lastUpdated": "2023-11-27",
      "citationShort": "WHO (2023) – with major processing by Our World in Data",
      "citationLong": "WHO (2023) – with major processing by Our World in Data. “Tuberculosis incidence rate in males and females aged over 65 years – best estimate” [dataset]. WHO, “Global Tuberculosis Report” [original data].",
      "fullMetadata": "https://api.ourworldindata.org/v1/indicators/817363.metadata.json"
    }
  },
  "dateDownloaded": "2025-04-29",
  "activeFilters": {}
}