{
  "chart": {
    "title": "Tuberculosis deaths by region",
    "subtitle": "The estimated number of deaths from [tuberculosis](#dod:tuberculosis) in each region.",
    "citation": "WHO (2023)",
    "originalChartUrl": "https://ourworldindata.org/grapher/tuberculosis-deaths-region?v=1&csvType=full&useColumnShortNames=false",
    "selection": [
      "Asia",
      "Africa",
      "Europe",
      "South America",
      "North America",
      "Oceania"
    ]
  },
  "columns": {
    "Estimated number of deaths from all forms of tuberculosis": {
      "titleShort": "Estimated number of deaths from all forms of tuberculosis",
      "titleLong": "Estimated number of deaths from all forms of tuberculosis",
      "descriptionProcessing": "Regional aggregates were calculated by Our World in Data.",
      "unit": "deaths",
      "timespan": "2000-2022",
      "type": "Integer",
      "owidVariableId": 816744,
      "shortName": "e_mort_num",
      "lastUpdated": "2023-11-27",
      "citationShort": "WHO (2023) – with minor processing by Our World in Data",
      "citationLong": "WHO (2023) – with minor processing by Our World in Data. “Estimated number of deaths from all forms of tuberculosis” [dataset]. WHO, “Global Tuberculosis Report” [original data].",
      "fullMetadata": "https://api.ourworldindata.org/v1/indicators/816744.metadata.json"
    }
  },
  "dateDownloaded": "2025-04-29",
  "activeFilters": {}
}