{
  "chart": {
    "title": "Health expenditure per capita",
    "subtitle": "Health expenditure includes all financing schemes and covers all aspects of healthcare. This data is adjusted for inflation and differences in living costs between countries.",
    "note": "This data is expressed in [international-$](#dod:int_dollar_abbreviation) at 2015 prices.",
    "citation": "OECD Health Expenditure and Financing Database (2024)",
    "originalChartUrl": "https://ourworldindata.org/grapher/health-expenditure-and-financing-per-capita?v=1&csvType=full&useColumnShortNames=false",
    "selection": [
      "Japan",
      "United States",
      "Italy",
      "Germany",
      "Belgium",
      "United Kingdom",
      "South Korea",
      "India",
      "China",
      "Mexico",
      "Chile"
    ]
  },
  "columns": {
    "Health expenditure per capita - Total": {
      "titleShort": "Health expenditure per capita - Total",
      "titleLong": "Health expenditure per capita - Total",
      "descriptionShort": "Health expenditure in total divided by population.",
      "descriptionKey": [
        "The data is measured in international-$ at 2015 prices – this adjusts for inflation and for differences in the cost of living between countries."
      ],
      "shortUnit": "$",
      "unit": "international-$ in 2015 prices",
      "timespan": "1970-2023",
      "type": "Numeric",
      "owidVariableId": 1013881,
      "shortName": "ppp_dollars_per_capita__financing_scheme_total",
      "lastUpdated": "2025-02-25",
      "nextUpdate": "2026-02-25",
      "citationShort": "OECD Health Expenditure and Financing Database (2024) – with minor processing by Our World in Data",
      "citationLong": "OECD Health Expenditure and Financing Database (2024) – with minor processing by Our World in Data. “Health expenditure per capita - Total” [dataset]. OECD Health Expenditure and Financing Database, “OECD Health Expenditure and Financing Database” [original data].",
      "fullMetadata": "https://api.ourworldindata.org/v1/indicators/1013881.metadata.json"
    }
  },
  "dateDownloaded": "2025-05-02",
  "activeFilters": {}
}