Entity,Code,Year,Best estimate: Tuberculosis incidence attributed to HIV infection in males and females,Best estimate: Tuberculosis incidence attributed to harmful use of alcohol in males and females aged over 15 years,Best estimate: Tuberculosis incidence attributed to smoking in males and females aged over 15 years,Best estimate: Tuberculosis incidence attributed to diabetes in males and females aged over 18 years,Best estimate: Tuberculosis incidence attributed to undernourishment in males and females
Afghanistan,AFG,2022,450,560,3100,3400,30000
Africa,,2022,606141,177754,98431,77970,695762
Albania,ALB,2022,4,51,48,15,34
Algeria,DZA,2022,280,380,1600,1200,1200
Andorra,AND,2022,,0,0,0,
Angola,AGO,2022,17000,12000,,4000,37000
Antigua and Barbuda,ATG,2022,,0,,0,
Argentina,ARG,2022,720,1600,1500,560,1000
Armenia,ARM,2022,28,77,82,35,49
Asia,,2022,245515,483601,563100,272520,1420012
Australia,AUS,2022,38,130,100,40,76
Austria,AUT,2022,8,80,48,7,20
Azerbaijan,AZE,2022,140,800,680,380,370
Bahamas,BHS,2022,10,6,2,3,
Bahrain,BHR,2022,1,7,16,11,
Bangladesh,BGD,2022,700,6400,33000,16000,76000
Barbados,BRB,2022,0,0,0,0,0
Belarus,BLR,2022,140,750,310,93,140
Belgium,BEL,2022,34,130,94,19,47
Belize,BLZ,2022,16,15,4,6,15
Benin,BEN,2022,660,800,160,220,970
Bhutan,BTN,2022,35,57,,68,
Bolivia,BOL,2022,600,1600,810,460,3100
Bosnia and Herzegovina,BIH,2022,2,94,130,27,40
Botswana,BWA,2022,3100,740,410,220,2000
Brazil,BRA,2022,8700,8900,6800,4000,8700
Brunei,BRN,2022,1,12,20,11,29
Bulgaria,BGR,2022,,140,180,37,65
Burkina Faso,BFA,2022,770,370,510,280,2800
Burundi,BDI,2022,1400,1500,510,230,
Cambodia,KHM,2022,4400,4400,3500,1400,6500
Cameroon,CMR,2022,11000,5400,1200,1300,5600
Canada,CAN,2022,84,320,140,55,110
Cape Verde,CPV,2022,19,22,7,7,51
Central African Republic,CAF,2022,8800,2100,,960,16000
Chad,TCD,2022,2800,350,800,730,10000
Chile,CHL,2022,300,390,450,160,180
China,CHN,2022,15000,58000,74000,27000,39000
Colombia,COL,2022,1600,3200,1100,950,3800
Comoros,COM,2022,0,4,16,9,
Congo,COG,2022,6800,900,1400,720,9000
Costa Rica,CRI,2022,31,69,24,21,36
Cote d'Ivoire,CIV,2022,7500,5800,1900,1000,3100
Croatia,HRV,2022,1,12,18,3,5
Cuba,CUB,2022,50,95,66,29,38
Cyprus,CYP,2022,2,8,9,1,5
Czechia,CZE,2022,3,42,51,12,22
Democratic Republic of Congo,COD,2022,28000,28000,13000,8100,147000
Denmark,DNK,2022,6,28,17,4,12
Djibouti,DJI,2022,310,42,,90,620
Dominica,DMA,2022,,,,,1
Dominican Republic,DOM,2022,580,620,230,220,620
East Timor,TLS,2022,140,230,880,150,2400
Ecuador,ECU,2022,410,1000,460,290,2100
Egypt,EGY,2022,65,290,980,760,1100
El Salvador,SLV,2022,210,370,130,140,460
Equatorial Guinea,GNQ,2022,2000,570,,190,
Eritrea,ERI,2022,160,97,55,53,
Estonia,EST,2022,16,31,18,4,7
Eswatini,SWZ,2022,2300,500,150,160,760
Ethiopia,ETH,2022,14000,7500,2800,3600,55000
Europe,,2022,14236,30491,17834,4857,7608
Fiji,FJI,2022,25,58,60,41,68
Finland,FIN,2022,3,36,19,5,11
France,FRA,2022,320,630,710,130,240
French Polynesia,PYF,2022,,,,,5
Gabon,GAB,2022,3400,1500,,520,3300
Gambia,GMB,2022,620,80,200,150,1300
Georgia,GEO,2022,95,200,310,120,320
Germany,DEU,2022,110,510,410,91,220
Ghana,GHA,2022,7500,3200,540,1200,3700
Greece,GRC,2022,8,27,34,7,11
Grenada,GRD,2022,,0,,0,
Guatemala,GTM,2022,150,530,240,190,1200
Guinea,GIN,2022,3600,360,,690,
Guinea-Bissau,GNB,2022,1800,150,290,220,
Guyana,GUY,2022,100,86,39,31,47
Haiti,HTI,2022,3400,2200,660,650,9100
High-income countries,,2022,3660,14174,10643,3662,5890
Honduras,HND,2022,110,400,,130,800
Hong Kong,HKG,2022,,,,,190
Hungary,HUN,2022,5,78,36,9,26
Iceland,ISL,2022,0,0,0,0,0
India,IND,2022,94000,248000,106000,102000,744000
Indonesia,IDN,2022,40000,17000,141000,34000,133000
Iran,IRN,2022,100,220,500,540,830
Iraq,IRQ,2022,17,81,830,700,2600
Ireland,IRL,2022,8,35,23,6,11
Israel,ISR,2022,5,24,21,6,12
Italy,ITA,2022,150,77,300,73,140
Jamaica,JAM,2022,14,9,4,4,11
Japan,JPN,2022,73,870,1200,380,770
Jordan,JOR,2022,0,3,62,29,110
Kazakhstan,KAZ,2022,600,1700,1500,790,780
Kenya,KEN,2022,41000,9400,5300,3200,48000
Kiribati,KIR,2022,,51,87,47,47
Kuwait,KWT,2022,2,4,46,44,28
Kyrgyzstan,KGZ,2022,270,920,1000,380,900
Laos,LAO,2022,450,1000,1200,360,1000
Latvia,LVA,2022,30,89,56,11,18
Lebanon,LBN,2022,5,86,82,32,110
Lesotho,LSO,2022,7500,1400,1300,550,6600
Liberia,LBR,2022,1800,1500,510,510,7500
Libya,LBY,2022,90,25,,270,
Lithuania,LTU,2022,25,160,110,30,43
Low-income countries,,2022,223572,85312,56376,36046,478620
Lower-middle-income countries,,2022,449594,466283,492400,265957,1555616
Luxembourg,LUX,2022,2,6,5,1,2
Macao,MAC,2022,,,,,32
Madagascar,MDG,2022,3100,3400,4900,1600,36000
Malawi,MWI,2022,12000,1700,1100,680,7200
Malaysia,MYS,2022,1800,2300,3800,1900,2000
Maldives,MDV,2022,,9,22,9,
Mali,MLI,2022,1000,190,380,360,2000
Malta,MLT,2022,,5,8,2,3
Marshall Islands,MHL,2022,,,18,14,
Mauritania,MRT,2022,120,30,150,140,670
Mauritius,MUS,2022,24,17,15,9,23
Mexico,MEX,2022,2000,1700,2300,1800,4300
Micronesia (country),FSM,2022,,5,,4,
Moldova,MDA,2022,210,280,290,91,
Mongolia,MNG,2022,,2200,1800,780,1100
Montenegro,MNE,2022,1,10,13,3,4
Morocco,MAR,2022,390,280,2000,2000,3800
Mozambique,MOZ,2022,67000,7000,7000,3100,50000
Myanmar,MMR,2022,24000,9000,22000,7600,16000
Namibia,NAM,2022,6900,1300,690,350,3300
Nauru,NRU,2022,,2,3,2,
Nepal,NPL,2022,1300,2600,5700,3200,7500
Netherlands,NLD,2022,23,23,76,14,37
New Caledonia,NCL,2022,,,,,4
New Zealand,NZL,2022,5,24,20,9,16
Nicaragua,NIC,2022,97,360,,130,860
Niger,NER,2022,500,290,630,500,
Nigeria,NGA,2022,62000,5800,6800,13000,105000
North America,,2022,7764,8981,4671,3775,18281
North Korea,PRK,2022,1800,9300,11000,3500,64000
North Macedonia,MKD,2022,1,25,,7,15
Norway,NOR,2022,3,24,14,4,9
Oceania,,2022,5368,4124,6565,2591,14356
Oman,OMN,2022,5,3,16,26,75
Pakistan,PAK,2022,14000,4900,38000,31000,165000
Palau,PLW,2022,,0,0,0,
Panama,PAN,2022,270,250,51,82,230
Papua New Guinea,PNG,2022,5300,3800,6200,2400,14000
Paraguay,PRY,2022,180,410,180,120,500
Peru,PER,2022,3000,8100,2100,1800,8000
Philippines,PHL,2022,20000,72000,75000,23000,76000
Poland,POL,2022,64,1000,540,170,240
Portugal,PRT,2022,150,210,190,51,84
Qatar,QAT,2022,6,6,54,85,
Romania,ROU,2022,250,590,1300,320,530
Russia,RUS,2022,9000,21000,8400,2400,2900
Rwanda,RWA,2022,1900,950,410,150,3400
Saint Kitts and Nevis,KNA,2022,,0,,0,
Saint Lucia,LCA,2022,,0,,0,
Saint Vincent and the Grenadines,VCT,2022,,1,,0,1
Samoa,WSM,2022,,1,1,1,0
Sao Tome and Principe,STP,2022,22,30,6,9,58
Saudi Arabia,SAU,2022,20,20,190,230,220
Senegal,SEN,2022,880,290,600,640,2700
Serbia,SRB,2022,10,110,160,30,70
Seychelles,SYC,2022,,2,1,0,
Sierra Leone,SLE,2022,3600,1700,1500,740,9300
Singapore,SGP,2022,100,76,260,120,
Slovakia,SVK,2022,1,17,11,2,12
Slovenia,SVN,2022,,19,8,2,4
Solomon Islands,SLB,2022,,41,64,24,120
Somalia,SOM,2022,420,310,,1100,23000
South Africa,ZAF,2022,142000,35000,26000,14000,37000
South America,,2022,16702,27169,13569,8996,31921
South Korea,KOR,2022,210,4900,2100,780,1100
Spain,ESP,2022,230,100,420,110,170
Sri Lanka,LKA,2022,50,860,840,460,950
Sudan,SDN,2022,430,640,,930,5600
Suriname,SUR,2022,32,23,,10,27
Sweden,SWE,2022,8,77,31,9,21
Switzerland,CHE,2022,18,67,47,7,20
Syria,SYR,2022,2,45,,220,
Tajikistan,TJK,2022,230,150,,350,
Tanzania,TZA,2022,42000,13000,4000,2800,43000
Thailand,THA,2022,15000,12000,10000,4300,18000
Togo,TGO,2022,530,490,81,93,820
Tonga,TON,2022,,0,0,0,
Trinidad and Tobago,TTO,2022,42,36,,15,39
Tunisia,TUN,2022,51,55,430,240,290
Turkey,TUR,2022,110,1100,1600,700,610
Turkmenistan,TKM,2022,680,350,89,170,220
Tuvalu,TUV,2022,,3,5,3,
Uganda,UGA,2022,34000,11000,3000,1800,
Ukraine,UKR,2022,3200,3100,3300,910,2100
United Arab Emirates,ARE,2022,0,1,,4,7
United Kingdom,GBR,2022,190,820,400,140,270
United States,USA,2022,700,2000,820,300,460
Upper-middle-income countries,,2022,218900,166351,144751,65044,147814
Uruguay,URY,2022,120,160,130,55,67
Uzbekistan,UZB,2022,1300,3000,1400,1200,1500
Vanuatu,VUT,2022,,9,7,6,20
Venezuela,VEN,2022,940,1700,,560,4400
Vietnam,VNM,2022,8300,18000,19000,4300,19000
World,OWID_WRL,2022,895726,732120,704170,370709,2187940
Yemen,YEM,2022,90,130,1200,750,7700
Zambia,ZMB,2022,33000,5600,3400,1600,
Zimbabwe,ZWE,2022,20000,3700,1700,990,