{
  "chart": {
    "title": "Tuberculosis cases attributable to risk factors",
    "subtitle": "Estimated annual number of [tuberculosis](#dod:tuberculosis) cases that are attributable to certain [risk factors](#dod:risk-factor).",
    "note": "[Risk factors](#dod:risk-factor) are not mutually exclusive. The sum of cases attributed to each risk factor can exceed the total number of cases.",
    "citation": "WHO (2023)",
    "originalChartUrl": "https://ourworldindata.org/grapher/tuberculosis-cases-attributable-to-risk-factors?v=1&csvType=full&useColumnShortNames=false",
    "selection": [
      "World"
    ]
  },
  "columns": {
    "Best estimate: Tuberculosis incidence attributed to HIV infection in males and females": {
      "titleShort": "Tuberculosis incidence attributed to HIV infection in males and females",
      "titleLong": "Tuberculosis incidence attributed to HIV infection in males and females - best estimate",
      "descriptionShort": "The estimated incidence of tuberculosis cases attributed to HIV infection in males and females .\n.",
      "unit": "cases",
      "timespan": "2022-2022",
      "type": "Integer",
      "owidVariableId": 817270,
      "shortName": "best__age_group_all__sex_a__risk_factor_hiv",
      "lastUpdated": "2023-11-27",
      "citationShort": "WHO (2023) – with major processing by Our World in Data",
      "citationLong": "WHO (2023) – with major processing by Our World in Data. “Tuberculosis incidence attributed to HIV infection in males and females – best estimate” [dataset]. WHO, “Global Tuberculosis Report” [original data].",
      "fullMetadata": "https://api.ourworldindata.org/v1/indicators/817270.metadata.json"
    },
    "Best estimate: Tuberculosis incidence attributed to harmful use of alcohol in males and females aged over 15 years": {
      "titleShort": "Tuberculosis incidence attributed to harmful use of alcohol in males and females aged over 15 years",
      "titleLong": "Tuberculosis incidence attributed to harmful use of alcohol in males and females aged over 15 years - best estimate",
      "descriptionShort": "The estimated incidence of tuberculosis cases attributed to harmful use of alcohol in males and females aged over 15 years.\n.",
      "unit": "cases",
      "timespan": "2022-2022",
      "type": "Integer",
      "owidVariableId": 817087,
      "shortName": "best__age_group_15plus__sex_a__risk_factor_alc",
      "lastUpdated": "2023-11-27",
      "citationShort": "WHO (2023) – with major processing by Our World in Data",
      "citationLong": "WHO (2023) – with major processing by Our World in Data. “Tuberculosis incidence attributed to harmful use of alcohol in males and females aged over 15 years – best estimate” [dataset]. WHO, “Global Tuberculosis Report” [original data].",
      "fullMetadata": "https://api.ourworldindata.org/v1/indicators/817087.metadata.json"
    },
    "Best estimate: Tuberculosis incidence attributed to smoking in males and females aged over 15 years": {
      "titleShort": "Tuberculosis incidence attributed to smoking in males and females aged over 15 years",
      "titleLong": "Tuberculosis incidence attributed to smoking in males and females aged over 15 years - best estimate",
      "descriptionShort": "The estimated incidence of tuberculosis cases attributed to smoking in males and females aged over 15 years.\n.",
      "unit": "cases",
      "timespan": "2022-2022",
      "type": "Integer",
      "owidVariableId": 817093,
      "shortName": "best__age_group_15plus__sex_a__risk_factor_smk",
      "lastUpdated": "2023-11-27",
      "citationShort": "WHO (2023) – with major processing by Our World in Data",
      "citationLong": "WHO (2023) – with major processing by Our World in Data. “Tuberculosis incidence attributed to smoking in males and females aged over 15 years – best estimate” [dataset]. WHO, “Global Tuberculosis Report” [original data].",
      "fullMetadata": "https://api.ourworldindata.org/v1/indicators/817093.metadata.json"
    },
    "Best estimate: Tuberculosis incidence attributed to diabetes in males and females aged over 18 years": {
      "titleShort": "Tuberculosis incidence attributed to diabetes in males and females aged over 18 years",
      "titleLong": "Tuberculosis incidence attributed to diabetes in males and females aged over 18 years - best estimate",
      "descriptionShort": "The estimated incidence of tuberculosis cases attributed to diabetes in males and females aged over 18 years.\n.",
      "unit": "cases",
      "timespan": "2022-2022",
      "type": "Integer",
      "owidVariableId": 817114,
      "shortName": "best__age_group_18plus__sex_a__risk_factor_dia",
      "lastUpdated": "2023-11-27",
      "citationShort": "WHO (2023) – with major processing by Our World in Data",
      "citationLong": "WHO (2023) – with major processing by Our World in Data. “Tuberculosis incidence attributed to diabetes in males and females aged over 18 years – best estimate” [dataset]. WHO, “Global Tuberculosis Report” [original data].",
      "fullMetadata": "https://api.ourworldindata.org/v1/indicators/817114.metadata.json"
    },
    "Best estimate: Tuberculosis incidence attributed to undernourishment in males and females": {
      "titleShort": "Tuberculosis incidence attributed to undernourishment in males and females",
      "titleLong": "Tuberculosis incidence attributed to undernourishment in males and females - best estimate",
      "descriptionShort": "The estimated incidence of tuberculosis cases attributed to undernourishment in males and females .\n.",
      "unit": "cases",
      "timespan": "2022-2022",
      "type": "Integer",
      "owidVariableId": 817273,
      "shortName": "best__age_group_all__sex_a__risk_factor_und",
      "lastUpdated": "2023-11-27",
      "citationShort": "WHO (2023) – with major processing by Our World in Data",
      "citationLong": "WHO (2023) – with major processing by Our World in Data. “Tuberculosis incidence attributed to undernourishment in males and females – best estimate” [dataset]. WHO, “Global Tuberculosis Report” [original data].",
      "fullMetadata": "https://api.ourworldindata.org/v1/indicators/817273.metadata.json"
    }
  },
  "dateDownloaded": "2025-04-29",
  "activeFilters": {}
}