{
  "chart": {
    "title": "Tuberculosis cases",
    "subtitle": "The estimated number of new and relapse [tuberculosis](#dod:tuberculosis) cases arising in a given year. All forms of the disease are included, including cases in people living with HIV.",
    "citation": "WHO (2023)",
    "originalChartUrl": "https://ourworldindata.org/grapher/number-of-tuberculosis-cases?v=1&csvType=full&useColumnShortNames=false",
    "selection": [
      "Africa",
      "Asia",
      "Europe",
      "Oceania",
      "North America",
      "South America"
    ]
  },
  "columns": {
    "Estimated number of new cases of all forms of tuberculosis": {
      "titleShort": "Estimated number of new cases of all forms of tuberculosis",
      "titleLong": "Estimated number of new cases of all forms of tuberculosis",
      "descriptionProcessing": "Regional aggregates were calculated by Our World in Data.",
      "unit": "cases",
      "timespan": "2000-2022",
      "type": "Integer",
      "owidVariableId": 816717,
      "shortName": "e_inc_num",
      "lastUpdated": "2023-11-27",
      "citationShort": "WHO (2023) – with minor processing by Our World in Data",
      "citationLong": "WHO (2023) – with minor processing by Our World in Data. “Estimated number of new cases of all forms of tuberculosis” [dataset]. WHO, “Global Tuberculosis Report” [original data].",
      "fullMetadata": "https://api.ourworldindata.org/v1/indicators/816717.metadata.json"
    }
  },
  "dateDownloaded": "2025-04-29",
  "activeFilters": {}
}