{
  "chart": {
    "title": "Tuberculosis treatment success rate",
    "subtitle": "The treatment success rate refers to the share of people diagnosed with [tuberculosis](#dod:tuberculosis) who were either cured or completed their treatment according to the country's treatment guidelines.",
    "note": "The End TB strategy refers to the World Health Organization's goal in 2015 to greatly reduce the tuberculosis epidemic worldwide by 2035. The 90% target is one indicator of the performance of countries to reach that goal.",
    "citation": "WHO (2023)",
    "originalChartUrl": "https://ourworldindata.org/grapher/tuberculosis-treatment-success-rate-in-new-and-relapsed-cases?v=1&csvType=full&useColumnShortNames=false",
    "selection": [
      "India",
      "South Africa",
      "Nigeria",
      "Ethiopia",
      "China",
      "United States",
      "Brazil",
      "Russia"
    ]
  },
  "columns": {
    "Treatment success rate for new and relapse cases": {
      "titleShort": "New and relapse cases",
      "titleLong": "New and relapse cases",
      "descriptionShort": "Treatment success rate among new and relapse cases.",
      "descriptionKey": [
        "This definition of treatment success doesn’t necessarily require bacterial evidence that the tuberculosis bacteria are completely gone from their body, which is partly because these tests are less accurate for some demographics, such as children and people with HIV/AIDS, who respond differently to the disease",
        "Relapse cases may not consistently be included by all countries"
      ],
      "shortUnit": "%",
      "unit": "%",
      "timespan": "1994-2021",
      "type": "Integer",
      "owidVariableId": 817391,
      "shortName": "c_new_tsr",
      "lastUpdated": "2023-11-27",
      "citationShort": "WHO (2023) – with minor processing by Our World in Data",
      "citationLong": "WHO (2023) – with minor processing by Our World in Data. “New and relapse cases” [dataset]. WHO, “Global Tuberculosis Report” [original data].",
      "fullMetadata": "https://api.ourworldindata.org/v1/indicators/817391.metadata.json"
    }
  },
  "dateDownloaded": "2025-04-29",
  "activeFilters": {}
}